{
    "SXS:BBH:ID": 456, 
    "final-kick": [
        0.0002752606977112672, 
        6.947460273594155e-05, 
        -0.00018079206090079145
    ], 
    "relaxed-q": 1.2047422942699453, 
    "surrogate-case-id": 3144, 
    "surrogate-dimensionless-spin1": [
        0.13071532515783224, 
        -0.16902161138435923, 
        -0.12901210486329767
    ], 
    "surrogate-dimensionless-spin2": [
        -4.0902833390579145e-05, 
        0.00012376381699939876, 
        0.08103538521783031
    ]
}