{
    "SXS:BBH:ID": 456, 
    "final-kick-velocity": [
        0.0002887157941679112, 
        7.28706105527795e-05, 
        -0.00018962940905192715
    ], 
    "relaxed-q": 1.2047422942699453, 
    "surrogate-case-id": 3144, 
    "surrogate-dimensionless-spin1": [
        0.1307153251578517, 
        -0.16902161138436267, 
        -0.1290121048632734
    ], 
    "surrogate-dimensionless-spin2": [
        -4.090283340280306e-05, 
        0.00012376381700157706, 
        0.08103538521783028
    ]
}