{
    "SXS:BBH:ID": 965, 
    "final-kick-velocity": [
        0.000597824588539452, 
        0.0005946626541926001, 
        0.0034782474465569744
    ], 
    "relaxed-q": 1.0000555390377333, 
    "surrogate-case-id": 353, 
    "surrogate-dimensionless-spin1": [
        0.7297852440504069, 
        0.3268790043657801, 
        0.0174735176759545
    ], 
    "surrogate-dimensionless-spin2": [
        0.6280475541852855, 
        -0.4945340700111002, 
        0.0297076492256814
    ]
}