{
    "SXS:BBH:ID": 895, 
    "final-kick-velocity": [
        -0.0007669306893181863, 
        -0.00010874876234456903, 
        0.009091426462864205
    ], 
    "relaxed-q": 0.9999772440923332, 
    "surrogate-case-id": 283, 
    "surrogate-dimensionless-spin1": [
        -0.35748962264666945, 
        0.7155727176580697, 
        -0.001473594225825864
    ], 
    "surrogate-dimensionless-spin2": [
        -0.015546552705144089, 
        -0.563776510968406, 
        0.5673332079898641
    ]
}