{
    "SXS:BBH:ID": 895, 
    "final-kick": [
        -0.000720135632644059, 
        -0.00010211334591479381, 
        0.008536703822978532
    ], 
    "relaxed-q": 0.9999772440923332, 
    "surrogate-case-id": 283, 
    "surrogate-dimensionless-spin1": [
        -0.3574896226466692, 
        0.7155727176580701, 
        -0.0014735942257745687
    ], 
    "surrogate-dimensionless-spin2": [
        -0.015546552705213238, 
        -0.563776510968481, 
        0.5673332079897877
    ]
}