{
    "SXS:BBH:ID": 965, 
    "final-kick": [
        0.0005652276737960992, 
        0.0005622381467177073, 
        0.003288592926409682
    ], 
    "relaxed-q": 1.0000555390377333, 
    "surrogate-case-id": 353, 
    "surrogate-dimensionless-spin1": [
        0.7297852440504069, 
        0.32687900436578016, 
        0.017473517675954536
    ], 
    "surrogate-dimensionless-spin2": [
        0.6280475541852856, 
        -0.4945340700111003, 
        0.029707649225681382
    ]
}