{
    "SXS:BBH:ID": 654, 
    "final-kick-velocity": [
        -0.00021579374479473973, 
        -0.0007169939816999462, 
        0.004318160229549604
    ], 
    "relaxed-q": 1.333401724906882, 
    "surrogate-case-id": 21, 
    "surrogate-dimensionless-spin1": [
        0.0007843419455004741, 
        0.002788947367344068, 
        0.7997686068001176
    ], 
    "surrogate-dimensionless-spin2": [
        -0.12103866045603436, 
        -0.7907821842672299, 
        0.0010691486232966908
    ]
}