{
    "SXS:BBH:ID": 654, 
    "final-kick": [
        -0.000201327823645709, 
        -0.0006689296672617916, 
        0.004028688607242092
    ], 
    "relaxed-q": 1.333401724906882, 
    "surrogate-case-id": 21, 
    "surrogate-dimensionless-spin1": [
        0.0007843419455004047, 
        0.0027889473673440913, 
        0.7997686068001176
    ], 
    "surrogate-dimensionless-spin2": [
        -0.12103866045603438, 
        -0.7907821842672299, 
        0.0010691486232967105
    ]
}